{
  "product_id": "L1510T",
  "name": "1 HP Single Phase Motor - 3600 RPM",
  "description": "High speed motor for applications requiring increased RPM operation.",
  "specs": {
    "Horsepower": "1 HP",
    "RPM": "3600",
    "Voltage": "115/208-230V",
    "Frame": "143T",
    "Enclosure": "ODP"
  },
  "bom": [
    {
      "part_number": "ST-008",
      "description": "High speed stator",
      "quantity": 1
    },
    {
      "part_number": "RT-008",
      "description": "High speed rotor",
      "quantity": 1
    }
  ],
  "assets": {
    "manual": "assets/L1510T/manual.pdf",
    "image_main": "assets/L1510T/image_main.jpg"
  }
}