{
  "product_id": "M2513T",
  "name": "2 HP Three Phase Motor - 1800 RPM",
  "description": "Premium efficient motor with die cast aluminum rotor for reliable performance.",
  "specs": {
    "Horsepower": "2 HP",
    "RPM": "1800",
    "Voltage": "208-230/460V",
    "Frame": "145T",
    "Enclosure": "TEFC",
    "Efficiency": "87.5%"
  },
  "bom": [
    {
      "part_number": "ST-003",
      "description": "Three phase stator assembly",
      "quantity": 1
    },
    {
      "part_number": "RT-003",
      "description": "Die cast aluminum rotor",
      "quantity": 1
    },
    {
      "part_number": "BR-002",
      "description": "Ball bearing 6205ZZ",
      "quantity": 2
    }
  ],
  "assets": {
    "manual": "assets/M2513T/manual.pdf",
    "image_main": "assets/M2513T/image_main.jpg",
    "wiring_diagram": "assets/M2513T/wiring_diagram.pdf"
  }
}