{
  "product_id": "VM3554T",
  "name": "5 HP Severe Duty Motor - 1800 RPM",
  "description": "Designed for harsh environments with enhanced moisture and contamination protection.",
  "specs": {
    "Horsepower": "5 HP",
    "RPM": "1800",
    "Voltage": "208-230/460V",
    "Frame": "184T",
    "Enclosure": "TEFC",
    "Duty": "Severe Duty"
  },
  "bom": [
    {
      "part_number": "ST-004",
      "description": "Heavy duty stator",
      "quantity": 1
    },
    {
      "part_number": "RT-004",
      "description": "Balanced rotor assembly",
      "quantity": 1
    },
    {
      "part_number": "SL-001",
      "description": "Enhanced shaft seal",
      "quantity": 2
    }
  ],
  "assets": {
    "manual": "assets/VM3554T/manual.pdf",
    "datasheet": "assets/VM3554T/datasheet.pdf",
    "image_main": "assets/VM3554T/image_main.jpg",
    "certificate": "assets/VM3554T/certificate.pdf"
  }
}