{
  "product_id": "VM3615T",
  "name": "15 HP Inverter Duty Motor - 1800 RPM",
  "description": "Variable frequency drive compatible motor with enhanced insulation system.",
  "specs": {
    "Horsepower": "15 HP",
    "RPM": "1800",
    "Voltage": "208-230/460V",
    "Frame": "254T",
    "Enclosure": "TEFC",
    "Special": "Inverter Duty"
  },
  "bom": [
    {
      "part_number": "ST-007",
      "description": "VFD compatible stator",
      "quantity": 1
    },
    {
      "part_number": "RT-007",
      "description": "Precision balanced rotor",
      "quantity": 1
    },
    {
      "part_number": "IN-001",
      "description": "Enhanced insulation system",
      "quantity": 1
    }
  ],
  "assets": {
    "manual": "assets/VM3615T/manual.pdf",
    "datasheet": "assets/VM3615T/datasheet.pdf",
    "image_main": "assets/VM3615T/image_main.jpg",
    "vfd_guide": "assets/VM3615T/vfd_guide.pdf"
  }
}