{
  "product_id": "VM3709T",
  "name": "10 HP Washdown Duty Motor - 1800 RPM",
  "description": "Stainless steel motor designed for food processing and washdown environments.",
  "specs": {
    "Horsepower": "10 HP",
    "RPM": "1800",
    "Voltage": "208-230/460V",
    "Frame": "215T",
    "Enclosure": "TEFC",
    "Special": "Washdown Duty",
    "Material": "Stainless Steel"
  },
  "bom": [
    {
      "part_number": "ST-010",
      "description": "Stainless steel stator",
      "quantity": 1
    },
    {
      "part_number": "RT-010",
      "description": "Corrosion resistant rotor",
      "quantity": 1
    },
    {
      "part_number": "SS-001",
      "description": "Stainless steel housing",
      "quantity": 1
    }
  ],
  "assets": {
    "manual": "assets/VM3709T/manual.pdf",
    "datasheet": "assets/VM3709T/datasheet.pdf",
    "image_main": "assets/VM3709T/image_main.jpg",
    "washdown_guide": "assets/VM3709T/washdown_guide.pdf"
  }
}